#TYPE System.ServiceProcess.ServiceController
"Name","RequiredServices","CanPauseAndContinue","CanShutdown","CanStop","DisplayName","DependentServices","MachineName","ServiceName","ServicesDependedOn","ServiceHandle","Status","ServiceType","Site","Container"
"AdobeARMservice","System.ServiceProcess.ServiceController[]","False","False","False","Adobe Acrobat Update Service","System.ServiceProcess.ServiceController[]",".","AdobeARMservice","System.ServiceProcess.ServiceController[]","SafeServiceHandle","Stopped","Win32OwnProcess",,
"AeLookupSvc","System.ServiceProcess.ServiceController[]","False","False","False","Application Experience","System.ServiceProcess.ServiceController[]",".","AeLookupSvc","System.ServiceProcess.ServiceController[]","SafeServiceHandle","Stopped","Win32ShareProcess",,
"ALG","System.ServiceProcess.ServiceController[]","False","False","False","Application Layer Gateway Service","System.ServiceProcess.ServiceController[]",".","ALG","System.ServiceProcess.ServiceController[]","SafeServiceHandle","Stopped","Win32OwnProcess",,
"AllUserInstallAgent","System.ServiceProcess.ServiceController[]","False","False","False","Windows All-User Install Agent","System.ServiceProcess.ServiceController[]",".","AllUserInstallAgent","System.ServiceProcess.ServiceController[]","SafeServiceHandle","Stopped","Win32ShareProcess",,
"AppIDSvc","System.ServiceProcess.ServiceController[]","False","False","False","Application Identity","System.ServiceProcess.ServiceController[]",".","AppIDSvc","System.ServiceProcess.ServiceController[]","SafeServiceHandle","Stopped","Win32ShareProcess",,
"Appinfo","System.ServiceProcess.ServiceController[]","False","False","True","Application Information","System.ServiceProcess.ServiceController[]",".","Appinfo","System.ServiceProcess.ServiceController[]","SafeServiceHandle","Running","Win32ShareProcess",,
"AppMgmt","System.ServiceProcess.ServiceController[]","False","False","False","Application Management","System.ServiceProcess.ServiceController[]",".","AppMgmt","System.ServiceProcess.ServiceController[]","SafeServiceHandle","Stopped","Win32ShareProcess",,
"AudioEndpointBuilder","System.ServiceProcess.ServiceController[]","False","False","True","Windows Audio Endpoint Builder","System.ServiceProcess.ServiceController[]",".","AudioEndpointBuilder","System.ServiceProcess.ServiceController[]","SafeServiceHandle","Running","Win32ShareProcess",,
"Audiosrv","System.ServiceProcess.ServiceController[]","False","False","True","Windows Audio","System.ServiceProcess.ServiceController[]",".","Audiosrv","System.ServiceProcess.ServiceController[]","SafeServiceHandle","Running","Win32ShareProcess",,
"AxInstSV","System.ServiceProcess.ServiceController[]","False","False","False","ActiveX Installer (AxInstSV)","System.ServiceProcess.ServiceController[]",".","AxInstSV","System.ServiceProcess.ServiceController[]","SafeServiceHandle","Stopped","Win32ShareProcess",,
"BFE","System.ServiceProcess.ServiceController[]","False","False","True","Base Filtering Engine","System.ServiceProcess.ServiceController[]",".","BFE","System.ServiceProcess.ServiceController[]","SafeServiceHandle","Running","Win32ShareProcess",,
"BITS","System.ServiceProcess.ServiceController[]","False","False","False","Background Intelligent Transfer Service","System.ServiceProcess.ServiceController[]",".","BITS","System.ServiceProcess.ServiceController[]","SafeServiceHandle","Stopped","Win32ShareProcess",,
"BrokerInfrastructure","System.ServiceProcess.ServiceController[]","False","False","False","Background Tasks Infrastructure Service","System.ServiceProcess.ServiceController[]",".","BrokerInfrastructure","System.ServiceProcess.ServiceController[]",,"Running","Win32ShareProcess",,
"Browser","System.ServiceProcess.ServiceController[]","False","False","False","Computer Browser","System.ServiceProcess.ServiceController[]",".","Browser","System.ServiceProcess.ServiceController[]","SafeServiceHandle","Stopped","Win32ShareProcess",,
"CertPropSvc","System.ServiceProcess.ServiceController[]","False","True","True","Certificate Propagation","System.ServiceProcess.ServiceController[]",".","CertPropSvc","System.ServiceProcess.ServiceController[]",,"Running","Win32ShareProcess",,
"COMSysApp","System.ServiceProcess.ServiceController[]","False","False","False","COM+ System Application","System.ServiceProcess.ServiceController[]",".","COMSysApp","System.ServiceProcess.ServiceController[]","SafeServiceHandle","Stopped","Win32OwnProcess",,
"CryptSvc","System.ServiceProcess.ServiceController[]","False","True","True","Cryptographic Services","System.ServiceProcess.ServiceController[]",".","CryptSvc","System.ServiceProcess.ServiceController[]","SafeServiceHandle","Running","Win32ShareProcess",,
"CscService","System.ServiceProcess.ServiceController[]","False","False","False","Offline Files","System.ServiceProcess.ServiceController[]",".","CscService","System.ServiceProcess.ServiceController[]","SafeServiceHandle","Stopped","Win32ShareProcess",,
"DcomLaunch","System.ServiceProcess.ServiceController[]","False","False","False","DCOM Server Process Launcher","System.ServiceProcess.ServiceController[]",".","DcomLaunch","System.ServiceProcess.ServiceController[]",,"Running","Win32ShareProcess",,
"defragsvc","System.ServiceProcess.ServiceController[]","False","False","False","Optimize drives","System.ServiceProcess.ServiceController[]",".","defragsvc","System.ServiceProcess.ServiceController[]","SafeServiceHandle","Stopped","Win32OwnProcess",,
"DeviceAssociationService","System.ServiceProcess.ServiceController[]","False","False","False","Device Association Service","System.ServiceProcess.ServiceController[]",".","DeviceAssociationService","System.ServiceProcess.ServiceController[]","SafeServiceHandle","Stopped","Win32ShareProcess",,
"DeviceInstall","System.ServiceProcess.ServiceController[]","False","False","False","Device Install Service","System.ServiceProcess.ServiceController[]",".","DeviceInstall","System.ServiceProcess.ServiceController[]","SafeServiceHandle","Stopped","Win32ShareProcess",,
"Dhcp","System.ServiceProcess.ServiceController[]","False","True","True","DHCP Client","System.ServiceProcess.ServiceController[]",".","Dhcp","System.ServiceProcess.ServiceController[]","SafeServiceHandle","Running","Win32ShareProcess",,
"Dnscache","System.ServiceProcess.ServiceController[]","False","False","True","DNS Client","System.ServiceProcess.ServiceController[]",".","Dnscache","System.ServiceProcess.ServiceController[]","SafeServiceHandle","Running","Win32ShareProcess",,
"dot3svc","System.ServiceProcess.ServiceController[]","False","False","False","Wired AutoConfig","System.ServiceProcess.ServiceController[]",".","dot3svc","System.ServiceProcess.ServiceController[]","SafeServiceHandle","Stopped","Win32ShareProcess",,
"DPS","System.ServiceProcess.ServiceController[]","False","True","True","Diagnostic Policy Service","System.ServiceProcess.ServiceController[]",".","DPS","System.ServiceProcess.ServiceController[]",,"Running","Win32ShareProcess",,
"DsmSvc","System.ServiceProcess.ServiceController[]","False","False","False","Device Setup Manager","System.ServiceProcess.ServiceController[]",".","DsmSvc","System.ServiceProcess.ServiceController[]","SafeServiceHandle","Stopped","Win32ShareProcess",,
"Eaphost","System.ServiceProcess.ServiceController[]","False","False","False","Extensible Authentication Protocol","System.ServiceProcess.ServiceController[]",".","Eaphost","System.ServiceProcess.ServiceController[]","SafeServiceHandle","Stopped","Win32ShareProcess",,
"EFS","System.ServiceProcess.ServiceController[]","False","False","False","Encrypting File System (EFS)","System.ServiceProcess.ServiceController[]",".","EFS","System.ServiceProcess.ServiceController[]",,"Stopped","Win32ShareProcess",,
"EventLog","System.ServiceProcess.ServiceController[]","False","True","True","Windows Event Log","System.ServiceProcess.ServiceController[]",".","EventLog","System.ServiceProcess.ServiceController[]","SafeServiceHandle","Running","Win32ShareProcess",,
"EventSystem","System.ServiceProcess.ServiceController[]","False","False","True","COM+ Event System","System.ServiceProcess.ServiceController[]",".","EventSystem","System.ServiceProcess.ServiceController[]","SafeServiceHandle","Running","Win32ShareProcess",,
"fdPHost","System.ServiceProcess.ServiceController[]","False","False","False","Function Discovery Provider Host","System.ServiceProcess.ServiceController[]",".","fdPHost","System.ServiceProcess.ServiceController[]","SafeServiceHandle","Stopped","Win32ShareProcess",,
"FDResPub","System.ServiceProcess.ServiceController[]","False","False","False","Function Discovery Resource Publication","System.ServiceProcess.ServiceController[]",".","FDResPub","System.ServiceProcess.ServiceController[]","SafeServiceHandle","Stopped","Win32ShareProcess",,
"FontCache","System.ServiceProcess.ServiceController[]","False","True","True","Windows Font Cache Service","System.ServiceProcess.ServiceController[]",".","FontCache","System.ServiceProcess.ServiceController[]","SafeServiceHandle","Running","Win32ShareProcess",,
"FontCache3.0.0.0","System.ServiceProcess.ServiceController[]","False","False","False","Windows Presentation Foundation Font Cache 3.0.0.0","System.ServiceProcess.ServiceController[]",".","FontCache3.0.0.0","System.ServiceProcess.ServiceController[]","SafeServiceHandle","Stopped","Win32OwnProcess",,
"gpsvc","System.ServiceProcess.ServiceController[]","False","False","True","Group Policy Client","System.ServiceProcess.ServiceController[]",".","gpsvc","System.ServiceProcess.ServiceController[]",,"Running","Win32ShareProcess",,
"gupdate","System.ServiceProcess.ServiceController[]","False","False","False","?????? Google Update (gupdate)","System.ServiceProcess.ServiceController[]",".","gupdate","System.ServiceProcess.ServiceController[]","SafeServiceHandle","Stopped","Win32OwnProcess",,
"gupdatem","System.ServiceProcess.ServiceController[]","False","False","False","?????? Google Update (gupdatem)","System.ServiceProcess.ServiceController[]",".","gupdatem","System.ServiceProcess.ServiceController[]","SafeServiceHandle","Stopped","Win32OwnProcess",,
"hidserv","System.ServiceProcess.ServiceController[]","False","True","True","Human Interface Device Access","System.ServiceProcess.ServiceController[]",".","hidserv","System.ServiceProcess.ServiceController[]","SafeServiceHandle","Running","Win32ShareProcess",,
"hkmsvc","System.ServiceProcess.ServiceController[]","False","False","False","Health Key and Certificate Management","System.ServiceProcess.ServiceController[]",".","hkmsvc","System.ServiceProcess.ServiceController[]","SafeServiceHandle","Stopped","Win32ShareProcess",,
"IKEEXT","System.ServiceProcess.ServiceController[]","False","True","True","IKE and AuthIP IPsec Keying Modules","System.ServiceProcess.ServiceController[]",".","IKEEXT","System.ServiceProcess.ServiceController[]","SafeServiceHandle","Running","Win32ShareProcess",,
"iphlpsvc","System.ServiceProcess.ServiceController[]","False","False","True","IP Helper","System.ServiceProcess.ServiceController[]",".","iphlpsvc","System.ServiceProcess.ServiceController[]","SafeServiceHandle","Running","Win32ShareProcess",,
"KeyIso","System.ServiceProcess.ServiceController[]","False","False","False","CNG Key Isolation","System.ServiceProcess.ServiceController[]",".","KeyIso","System.ServiceProcess.ServiceController[]","SafeServiceHandle","Stopped","Win32ShareProcess",,
"KPSSVC","System.ServiceProcess.ServiceController[]","False","False","False","KDC Proxy Server service (KPS)","System.ServiceProcess.ServiceController[]",".","KPSSVC","System.ServiceProcess.ServiceController[]","SafeServiceHandle","Stopped","Win32ShareProcess",,
"KtmRm","System.ServiceProcess.ServiceController[]","False","False","False","KtmRm for Distributed Transaction Coordinator","System.ServiceProcess.ServiceController[]",".","KtmRm","System.ServiceProcess.ServiceController[]","SafeServiceHandle","Stopped","Win32ShareProcess",,
"LanmanServer","System.ServiceProcess.ServiceController[]","True","False","True","Server","System.ServiceProcess.ServiceController[]",".","LanmanServer","System.ServiceProcess.ServiceController[]","SafeServiceHandle","Running","Win32ShareProcess",,
"LanmanWorkstation","System.ServiceProcess.ServiceController[]","True","False","True","Workstation","System.ServiceProcess.ServiceController[]",".","LanmanWorkstation","System.ServiceProcess.ServiceController[]","SafeServiceHandle","Running","Win32ShareProcess",,
"lltdsvc","System.ServiceProcess.ServiceController[]","False","False","False","Link-Layer Topology Discovery Mapper","System.ServiceProcess.ServiceController[]",".","lltdsvc","System.ServiceProcess.ServiceController[]","SafeServiceHandle","Stopped","Win32ShareProcess",,
"lmhosts","System.ServiceProcess.ServiceController[]","False","False","True","TCP/IP NetBIOS Helper","System.ServiceProcess.ServiceController[]",".","lmhosts","System.ServiceProcess.ServiceController[]","SafeServiceHandle","Running","Win32ShareProcess",,
"LSM","System.ServiceProcess.ServiceController[]","False","False","False","Local Session Manager","System.ServiceProcess.ServiceController[]",".","LSM","System.ServiceProcess.ServiceController[]",,"Running","Win32ShareProcess",,
"MMCSS","System.ServiceProcess.ServiceController[]","False","False","True","Multimedia Class Scheduler","System.ServiceProcess.ServiceController[]",".","MMCSS","System.ServiceProcess.ServiceController[]","SafeServiceHandle","Running","Win32ShareProcess",,
"MozillaMaintenance","System.ServiceProcess.ServiceController[]","False","False","False","Mozilla Maintenance Service","System.ServiceProcess.ServiceController[]",".","MozillaMaintenance","System.ServiceProcess.ServiceController[]","SafeServiceHandle","Stopped","Win32OwnProcess",,
"MpsSvc","System.ServiceProcess.ServiceController[]","False","False","True","Windows Firewall","System.ServiceProcess.ServiceController[]",".","MpsSvc","System.ServiceProcess.ServiceController[]","SafeServiceHandle","Running","Win32ShareProcess",,
"MSDTC","System.ServiceProcess.ServiceController[]","False","True","True","Distributed Transaction Coordinator","System.ServiceProcess.ServiceController[]",".","MSDTC","System.ServiceProcess.ServiceController[]",,"Running","Win32OwnProcess",,
"MSiSCSI","System.ServiceProcess.ServiceController[]","False","False","False","Microsoft iSCSI Initiator Service","System.ServiceProcess.ServiceController[]",".","MSiSCSI","System.ServiceProcess.ServiceController[]","SafeServiceHandle","Stopped","Win32ShareProcess",,
"msiserver","System.ServiceProcess.ServiceController[]","False","False","False","Windows Installer","System.ServiceProcess.ServiceController[]",".","msiserver","System.ServiceProcess.ServiceController[]","SafeServiceHandle","Stopped","Win32OwnProcess",,
"napagent","System.ServiceProcess.ServiceController[]","False","False","False","Network Access Protection Agent","System.ServiceProcess.ServiceController[]",".","napagent","System.ServiceProcess.ServiceController[]","SafeServiceHandle","Stopped","Win32ShareProcess",,
"NcaSvc","System.ServiceProcess.ServiceController[]","False","False","False","Network Connectivity Assistant","System.ServiceProcess.ServiceController[]",".","NcaSvc","System.ServiceProcess.ServiceController[]","SafeServiceHandle","Stopped","Win32ShareProcess",,
"Netlogon","System.ServiceProcess.ServiceController[]","False","False","False","Netlogon","System.ServiceProcess.ServiceController[]",".","Netlogon","System.ServiceProcess.ServiceController[]","SafeServiceHandle","Stopped","Win32ShareProcess",,
"Netman","System.ServiceProcess.ServiceController[]","False","False","False","Network Connections","System.ServiceProcess.ServiceController[]",".","Netman","System.ServiceProcess.ServiceController[]","SafeServiceHandle","Stopped","Win32ShareProcess",,
"netprofm","System.ServiceProcess.ServiceController[]","False","False","True","Network List Service","System.ServiceProcess.ServiceController[]",".","netprofm","System.ServiceProcess.ServiceController[]","SafeServiceHandle","Running","Win32ShareProcess",,
"NetTcpPortSharing","System.ServiceProcess.ServiceController[]","False","False","False","Net.Tcp Port Sharing Service","System.ServiceProcess.ServiceController[]",".","NetTcpPortSharing","System.ServiceProcess.ServiceController[]","SafeServiceHandle","Stopped","Win32ShareProcess",,
"NlaSvc","System.ServiceProcess.ServiceController[]","False","False","True","Network Location Awareness","System.ServiceProcess.ServiceController[]",".","NlaSvc","System.ServiceProcess.ServiceController[]","SafeServiceHandle","Running","Win32ShareProcess",,
"nsi","System.ServiceProcess.ServiceController[]","False","False","True","Network Store Interface Service","System.ServiceProcess.ServiceController[]",".","nsi","System.ServiceProcess.ServiceController[]","SafeServiceHandle","Running","Win32ShareProcess",,
"nvsvc","System.ServiceProcess.ServiceController[]","False","True","True","NVIDIA Display Driver Service","System.ServiceProcess.ServiceController[]",".","nvsvc","System.ServiceProcess.ServiceController[]","SafeServiceHandle","Running","Win32OwnProcess",,
"ose","System.ServiceProcess.ServiceController[]","False","False","False","Office  Source Engine","System.ServiceProcess.ServiceController[]",".","ose","System.ServiceProcess.ServiceController[]","SafeServiceHandle","Stopped","Win32OwnProcess",,
"PerfHost","System.ServiceProcess.ServiceController[]","False","False","False","Performance Counter DLL Host","System.ServiceProcess.ServiceController[]",".","PerfHost","System.ServiceProcess.ServiceController[]","SafeServiceHandle","Stopped","Win32OwnProcess",,
"pla","System.ServiceProcess.ServiceController[]","False","False","False","Performance Logs & Alerts","System.ServiceProcess.ServiceController[]",".","pla","System.ServiceProcess.ServiceController[]","SafeServiceHandle","Stopped","Win32ShareProcess",,
"PlugPlay","System.ServiceProcess.ServiceController[]","False","True","True","Plug and Play","System.ServiceProcess.ServiceController[]",".","PlugPlay","System.ServiceProcess.ServiceController[]","SafeServiceHandle","Running","Win32ShareProcess",,
"PolicyAgent","System.ServiceProcess.ServiceController[]","False","True","True","IPsec Policy Agent","System.ServiceProcess.ServiceController[]",".","PolicyAgent","System.ServiceProcess.ServiceController[]","SafeServiceHandle","Running","Win32ShareProcess",,
"Power","System.ServiceProcess.ServiceController[]","False","False","False","Power","System.ServiceProcess.ServiceController[]",".","Power","System.ServiceProcess.ServiceController[]","SafeServiceHandle","Running","Win32ShareProcess",,
"PrintNotify","System.ServiceProcess.ServiceController[]","False","False","False","Printer Extensions and Notifications","System.ServiceProcess.ServiceController[]",".","PrintNotify","System.ServiceProcess.ServiceController[]","SafeServiceHandle","Stopped","Win32ShareProcess, InteractiveProcess",,
"ProfSvc","System.ServiceProcess.ServiceController[]","False","True","True","User Profile Service","System.ServiceProcess.ServiceController[]",".","ProfSvc","System.ServiceProcess.ServiceController[]","SafeServiceHandle","Running","Win32ShareProcess",,
"QWAVE","System.ServiceProcess.ServiceController[]","False","False","False","Quality Windows Audio Video Experience","System.ServiceProcess.ServiceController[]",".","QWAVE","System.ServiceProcess.ServiceController[]","SafeServiceHandle","Stopped","Win32ShareProcess",,
"RasAuto","System.ServiceProcess.ServiceController[]","False","False","False","Remote Access Auto Connection Manager","System.ServiceProcess.ServiceController[]",".","RasAuto","System.ServiceProcess.ServiceController[]","SafeServiceHandle","Stopped","Win32ShareProcess",,
"RasMan","System.ServiceProcess.ServiceController[]","False","False","False","Remote Access Connection Manager","System.ServiceProcess.ServiceController[]",".","RasMan","System.ServiceProcess.ServiceController[]","SafeServiceHandle","Stopped","Win32ShareProcess",,
"RemoteAccess","System.ServiceProcess.ServiceController[]","False","False","False","Routing and Remote Access","System.ServiceProcess.ServiceController[]",".","RemoteAccess","System.ServiceProcess.ServiceController[]","SafeServiceHandle","Stopped","Win32ShareProcess",,
"RemoteRegistry","System.ServiceProcess.ServiceController[]","False","False","False","Remote Registry","System.ServiceProcess.ServiceController[]",".","RemoteRegistry","System.ServiceProcess.ServiceController[]","SafeServiceHandle","Stopped","Win32ShareProcess",,
"RpcEptMapper","System.ServiceProcess.ServiceController[]","False","False","False","RPC Endpoint Mapper","System.ServiceProcess.ServiceController[]",".","RpcEptMapper","System.ServiceProcess.ServiceController[]",,"Running","Win32ShareProcess",,
"RpcLocator","System.ServiceProcess.ServiceController[]","False","False","False","Remote Procedure Call (RPC) Locator","System.ServiceProcess.ServiceController[]",".","RpcLocator","System.ServiceProcess.ServiceController[]","SafeServiceHandle","Stopped","Win32OwnProcess",,
"RpcSs","System.ServiceProcess.ServiceController[]","False","False","False","Remote Procedure Call (RPC)","System.ServiceProcess.ServiceController[]",".","RpcSs","System.ServiceProcess.ServiceController[]",,"Running","Win32ShareProcess",,
"RSoPProv","System.ServiceProcess.ServiceController[]","False","False","False","Resultant Set of Policy Provider","System.ServiceProcess.ServiceController[]",".","RSoPProv","System.ServiceProcess.ServiceController[]","SafeServiceHandle","Stopped","Win32ShareProcess",,
"sacsvr","System.ServiceProcess.ServiceController[]","False","False","False","Special Administration Console Helper","System.ServiceProcess.ServiceController[]",".","sacsvr","System.ServiceProcess.ServiceController[]","SafeServiceHandle","Stopped","Win32ShareProcess",,
"SamSs","System.ServiceProcess.ServiceController[]","False","False","False","Security Accounts Manager","System.ServiceProcess.ServiceController[]",".","SamSs","System.ServiceProcess.ServiceController[]","SafeServiceHandle","Running","Win32ShareProcess",,
"SCardSvr","System.ServiceProcess.ServiceController[]","False","False","False","Smart Card","System.ServiceProcess.ServiceController[]",".","SCardSvr","System.ServiceProcess.ServiceController[]",,"Stopped","Win32ShareProcess",,
"Schedule","System.ServiceProcess.ServiceController[]","False","False","True","Task Scheduler","System.ServiceProcess.ServiceController[]",".","Schedule","System.ServiceProcess.ServiceController[]",,"Running","Win32ShareProcess",,
"SCPolicySvc","System.ServiceProcess.ServiceController[]","False","False","False","Smart Card Removal Policy","System.ServiceProcess.ServiceController[]",".","SCPolicySvc","System.ServiceProcess.ServiceController[]",,"Stopped","Win32ShareProcess",,
"seclogon","System.ServiceProcess.ServiceController[]","False","False","False","Secondary Logon","System.ServiceProcess.ServiceController[]",".","seclogon","System.ServiceProcess.ServiceController[]","SafeServiceHandle","Stopped","Win32ShareProcess",,
"SENS","System.ServiceProcess.ServiceController[]","False","False","True","System Event Notification Service","System.ServiceProcess.ServiceController[]",".","SENS","System.ServiceProcess.ServiceController[]","SafeServiceHandle","Running","Win32ShareProcess",,
"SessionEnv","System.ServiceProcess.ServiceController[]","False","False","True","Remote Desktop Configuration","System.ServiceProcess.ServiceController[]",".","SessionEnv","System.ServiceProcess.ServiceController[]","SafeServiceHandle","Running","Win32ShareProcess",,
"SharedAccess","System.ServiceProcess.ServiceController[]","False","False","False","Internet Connection Sharing (ICS)","System.ServiceProcess.ServiceController[]",".","SharedAccess","System.ServiceProcess.ServiceController[]","SafeServiceHandle","Stopped","Win32ShareProcess",,
"ShellHWDetection","System.ServiceProcess.ServiceController[]","False","False","True","Shell Hardware Detection","System.ServiceProcess.ServiceController[]",".","ShellHWDetection","System.ServiceProcess.ServiceController[]","SafeServiceHandle","Running","Win32ShareProcess",,
"simptcp","System.ServiceProcess.ServiceController[]","True","False","True","Simple TCP/IP Services","System.ServiceProcess.ServiceController[]",".","simptcp","System.ServiceProcess.ServiceController[]","SafeServiceHandle","Running","Win32ShareProcess",,
"SNMP","System.ServiceProcess.ServiceController[]","False","False","True","SNMP Service","System.ServiceProcess.ServiceController[]",".","SNMP","System.ServiceProcess.ServiceController[]","SafeServiceHandle","Running","Win32OwnProcess",,
"SNMPTRAP","System.ServiceProcess.ServiceController[]","False","False","False","SNMP Trap","System.ServiceProcess.ServiceController[]",".","SNMPTRAP","System.ServiceProcess.ServiceController[]","SafeServiceHandle","Stopped","Win32OwnProcess",,
"Spooler","System.ServiceProcess.ServiceController[]","False","False","True","Print Spooler","System.ServiceProcess.ServiceController[]",".","Spooler","System.ServiceProcess.ServiceController[]","SafeServiceHandle","Running","Win32OwnProcess, InteractiveProcess",,
"sppsvc","System.ServiceProcess.ServiceController[]","False","False","False","Software Protection","System.ServiceProcess.ServiceController[]",".","sppsvc","System.ServiceProcess.ServiceController[]",,"Stopped","Win32OwnProcess",,
"SSDPSRV","System.ServiceProcess.ServiceController[]","False","False","False","SSDP Discovery","System.ServiceProcess.ServiceController[]",".","SSDPSRV","System.ServiceProcess.ServiceController[]","SafeServiceHandle","Stopped","Win32ShareProcess",,
"SstpSvc","System.ServiceProcess.ServiceController[]","False","False","False","Secure Socket Tunneling Protocol Service","System.ServiceProcess.ServiceController[]",".","SstpSvc","System.ServiceProcess.ServiceController[]","SafeServiceHandle","Stopped","Win32ShareProcess",,
"Stereo Service","System.ServiceProcess.ServiceController[]","False","True","True","NVIDIA Stereoscopic 3D Driver Service","System.ServiceProcess.ServiceController[]",".","Stereo Service","System.ServiceProcess.ServiceController[]","SafeServiceHandle","Running","Win32OwnProcess",,
"stisvc","System.ServiceProcess.ServiceController[]","True","True","True","Windows Image Acquisition (WIA)","System.ServiceProcess.ServiceController[]",".","stisvc","System.ServiceProcess.ServiceController[]","SafeServiceHandle","Running","Win32OwnProcess",,
"svsvc","System.ServiceProcess.ServiceController[]","False","False","False","Spot Verifier","System.ServiceProcess.ServiceController[]",".","svsvc","System.ServiceProcess.ServiceController[]","SafeServiceHandle","Stopped","Win32ShareProcess",,
"swprv","System.ServiceProcess.ServiceController[]","False","False","False","Microsoft Software Shadow Copy Provider","System.ServiceProcess.ServiceController[]",".","swprv","System.ServiceProcess.ServiceController[]","SafeServiceHandle","Stopped","Win32OwnProcess",,
"SysMain","System.ServiceProcess.ServiceController[]","False","False","False","Superfetch","System.ServiceProcess.ServiceController[]",".","SysMain","System.ServiceProcess.ServiceController[]","SafeServiceHandle","Stopped","Win32ShareProcess",,
"SystemEventsBroker","System.ServiceProcess.ServiceController[]","False","False","True","System Events Broker","System.ServiceProcess.ServiceController[]",".","SystemEventsBroker","System.ServiceProcess.ServiceController[]",,"Running","Win32ShareProcess",,
"TabletInputService","System.ServiceProcess.ServiceController[]","False","False","True","Touch Keyboard and Handwriting Panel Service","System.ServiceProcess.ServiceController[]",".","TabletInputService","System.ServiceProcess.ServiceController[]","SafeServiceHandle","Running","Win32ShareProcess",,
"TapiSrv","System.ServiceProcess.ServiceController[]","False","False","False","Telephony","System.ServiceProcess.ServiceController[]",".","TapiSrv","System.ServiceProcess.ServiceController[]","SafeServiceHandle","Stopped","Win32OwnProcess",,
"TermService","System.ServiceProcess.ServiceController[]","False","True","True","Remote Desktop Services","System.ServiceProcess.ServiceController[]",".","TermService","System.ServiceProcess.ServiceController[]","SafeServiceHandle","Running","Win32ShareProcess",,
"Themes","System.ServiceProcess.ServiceController[]","False","False","True","Themes","System.ServiceProcess.ServiceController[]",".","Themes","System.ServiceProcess.ServiceController[]","SafeServiceHandle","Running","Win32ShareProcess",,
"THREADORDER","System.ServiceProcess.ServiceController[]","False","False","False","Thread Ordering Server","System.ServiceProcess.ServiceController[]",".","THREADORDER","System.ServiceProcess.ServiceController[]","SafeServiceHandle","Stopped","Win32ShareProcess",,
"TimeBroker","System.ServiceProcess.ServiceController[]","False","False","True","Time Broker","System.ServiceProcess.ServiceController[]",".","TimeBroker","System.ServiceProcess.ServiceController[]",,"Running","Win32ShareProcess",,
"TrkWks","System.ServiceProcess.ServiceController[]","False","True","True","Distributed Link Tracking Client","System.ServiceProcess.ServiceController[]",".","TrkWks","System.ServiceProcess.ServiceController[]","SafeServiceHandle","Running","Win32ShareProcess",,
"TrustedInstaller","System.ServiceProcess.ServiceController[]","False","False","False","Windows Modules Installer","System.ServiceProcess.ServiceController[]",".","TrustedInstaller","System.ServiceProcess.ServiceController[]",,"Stopped","Win32OwnProcess",,
"UALSVC","System.ServiceProcess.ServiceController[]","False","False","True","User Access Logging Service","System.ServiceProcess.ServiceController[]",".","UALSVC","System.ServiceProcess.ServiceController[]","SafeServiceHandle","Running","Win32ShareProcess",,
"UI0Detect","System.ServiceProcess.ServiceController[]","False","False","False","Interactive Services Detection","System.ServiceProcess.ServiceController[]",".","UI0Detect","System.ServiceProcess.ServiceController[]","SafeServiceHandle","Stopped","Win32OwnProcess, InteractiveProcess",,
"UmRdpService","System.ServiceProcess.ServiceController[]","False","True","True","Remote Desktop Services UserMode Port Redirector","System.ServiceProcess.ServiceController[]",".","UmRdpService","System.ServiceProcess.ServiceController[]","SafeServiceHandle","Running","Win32ShareProcess",,
"upnphost","System.ServiceProcess.ServiceController[]","False","False","False","UPnP Device Host","System.ServiceProcess.ServiceController[]",".","upnphost","System.ServiceProcess.ServiceController[]","SafeServiceHandle","Stopped","Win32ShareProcess",,
"VaultSvc","System.ServiceProcess.ServiceController[]","False","True","True","Credential Manager","System.ServiceProcess.ServiceController[]",".","VaultSvc","System.ServiceProcess.ServiceController[]","SafeServiceHandle","Running","Win32ShareProcess",,
"vds","System.ServiceProcess.ServiceController[]","False","False","False","Virtual Disk","System.ServiceProcess.ServiceController[]",".","vds","System.ServiceProcess.ServiceController[]","SafeServiceHandle","Stopped","Win32OwnProcess",,
"vmicheartbeat","System.ServiceProcess.ServiceController[]","False","False","False","Hyper-V Heartbeat Service","System.ServiceProcess.ServiceController[]",".","vmicheartbeat","System.ServiceProcess.ServiceController[]","SafeServiceHandle","Stopped","Win32ShareProcess",,
"vmickvpexchange","System.ServiceProcess.ServiceController[]","False","False","False","Hyper-V Data Exchange Service","System.ServiceProcess.ServiceController[]",".","vmickvpexchange","System.ServiceProcess.ServiceController[]","SafeServiceHandle","Stopped","Win32ShareProcess",,
"vmicrdv","System.ServiceProcess.ServiceController[]","False","False","False","Hyper-V Remote Desktop Virtualization Service","System.ServiceProcess.ServiceController[]",".","vmicrdv","System.ServiceProcess.ServiceController[]","SafeServiceHandle","Stopped","Win32ShareProcess",,
"vmicshutdown","System.ServiceProcess.ServiceController[]","False","False","False","Hyper-V Guest Shutdown Service","System.ServiceProcess.ServiceController[]",".","vmicshutdown","System.ServiceProcess.ServiceController[]","SafeServiceHandle","Stopped","Win32ShareProcess",,
"vmictimesync","System.ServiceProcess.ServiceController[]","False","False","False","Hyper-V Time Synchronization Service","System.ServiceProcess.ServiceController[]",".","vmictimesync","System.ServiceProcess.ServiceController[]","SafeServiceHandle","Stopped","Win32ShareProcess",,
"vmicvss","System.ServiceProcess.ServiceController[]","False","False","False","Hyper-V Volume Shadow Copy Requestor","System.ServiceProcess.ServiceController[]",".","vmicvss","System.ServiceProcess.ServiceController[]","SafeServiceHandle","Stopped","Win32ShareProcess",,
"vmms","System.ServiceProcess.ServiceController[]","False","False","True","Hyper-V Virtual Machine Management","System.ServiceProcess.ServiceController[]",".","vmms","System.ServiceProcess.ServiceController[]","SafeServiceHandle","Running","Win32OwnProcess",,
"VSS","System.ServiceProcess.ServiceController[]","False","False","False","Volume Shadow Copy","System.ServiceProcess.ServiceController[]",".","VSS","System.ServiceProcess.ServiceController[]","SafeServiceHandle","Stopped","Win32OwnProcess",,
"W32Time","System.ServiceProcess.ServiceController[]","False","False","False","Windows Time","System.ServiceProcess.ServiceController[]",".","W32Time","System.ServiceProcess.ServiceController[]","SafeServiceHandle","Stopped","Win32ShareProcess",,
"wbengine","System.ServiceProcess.ServiceController[]","False","False","False","Block Level Backup Engine Service","System.ServiceProcess.ServiceController[]",".","wbengine","System.ServiceProcess.ServiceController[]","SafeServiceHandle","Stopped","Win32OwnProcess",,
"Wcmsvc","System.ServiceProcess.ServiceController[]","False","True","True","Windows Connection Manager","System.ServiceProcess.ServiceController[]",".","Wcmsvc","System.ServiceProcess.ServiceController[]","SafeServiceHandle","Running","Win32ShareProcess",,
"wcncsvc","System.ServiceProcess.ServiceController[]","False","False","False","Windows Connect Now - Config Registrar","System.ServiceProcess.ServiceController[]",".","wcncsvc","System.ServiceProcess.ServiceController[]","SafeServiceHandle","Stopped","Win32ShareProcess",,
"WcsPlugInService","System.ServiceProcess.ServiceController[]","False","False","False","Windows Color System","System.ServiceProcess.ServiceController[]",".","WcsPlugInService","System.ServiceProcess.ServiceController[]","SafeServiceHandle","Stopped","Win32ShareProcess",,
"WdiServiceHost","System.ServiceProcess.ServiceController[]","False","False","False","Diagnostic Service Host","System.ServiceProcess.ServiceController[]",".","WdiServiceHost","System.ServiceProcess.ServiceController[]",,"Stopped","Win32ShareProcess",,
"WdiSystemHost","System.ServiceProcess.ServiceController[]","False","False","False","Diagnostic System Host","System.ServiceProcess.ServiceController[]",".","WdiSystemHost","System.ServiceProcess.ServiceController[]",,"Stopped","Win32ShareProcess",,
"WebClient","System.ServiceProcess.ServiceController[]","False","False","False","WebClient","System.ServiceProcess.ServiceController[]",".","WebClient","System.ServiceProcess.ServiceController[]","SafeServiceHandle","Stopped","Win32ShareProcess",,
"Wecsvc","System.ServiceProcess.ServiceController[]","False","False","False","Windows Event Collector","System.ServiceProcess.ServiceController[]",".","Wecsvc","System.ServiceProcess.ServiceController[]","SafeServiceHandle","Stopped","Win32ShareProcess",,
"wercplsupport","System.ServiceProcess.ServiceController[]","False","False","False","Problem Reports and Solutions Control Panel Support","System.ServiceProcess.ServiceController[]",".","wercplsupport","System.ServiceProcess.ServiceController[]","SafeServiceHandle","Stopped","Win32ShareProcess",,
"WerSvc","System.ServiceProcess.ServiceController[]","False","False","False","Windows Error Reporting Service","System.ServiceProcess.ServiceController[]",".","WerSvc","System.ServiceProcess.ServiceController[]","SafeServiceHandle","Stopped","Win32ShareProcess",,
"WiaRpc","System.ServiceProcess.ServiceController[]","False","False","False","Still Image Acquisition Events","System.ServiceProcess.ServiceController[]",".","WiaRpc","System.ServiceProcess.ServiceController[]","SafeServiceHandle","Stopped","Win32ShareProcess",,
"WinHttpAutoProxySvc","System.ServiceProcess.ServiceController[]","False","False","False","WinHTTP Web Proxy Auto-Discovery Service","System.ServiceProcess.ServiceController[]",".","WinHttpAutoProxySvc","System.ServiceProcess.ServiceController[]","SafeServiceHandle","Stopped","Win32ShareProcess",,
"Winmgmt","System.ServiceProcess.ServiceController[]","True","True","True","Windows Management Instrumentation","System.ServiceProcess.ServiceController[]",".","Winmgmt","System.ServiceProcess.ServiceController[]","SafeServiceHandle","Running","Win32ShareProcess",,
"WinRM","System.ServiceProcess.ServiceController[]","False","True","True","Windows Remote Management (WS-Management)","System.ServiceProcess.ServiceController[]",".","WinRM","System.ServiceProcess.ServiceController[]","SafeServiceHandle","Running","Win32ShareProcess",,
"Wlansvc","System.ServiceProcess.ServiceController[]","False","True","True","WLAN AutoConfig","System.ServiceProcess.ServiceController[]",".","Wlansvc","System.ServiceProcess.ServiceController[]","SafeServiceHandle","Running","Win32ShareProcess",,
"wlidsvc","System.ServiceProcess.ServiceController[]","False","False","False","Microsoft Account Sign-in Assistant","System.ServiceProcess.ServiceController[]",".","wlidsvc","System.ServiceProcess.ServiceController[]","SafeServiceHandle","Stopped","Win32ShareProcess",,
"wmiApSrv","System.ServiceProcess.ServiceController[]","False","False","False","WMI Performance Adapter","System.ServiceProcess.ServiceController[]",".","wmiApSrv","System.ServiceProcess.ServiceController[]","SafeServiceHandle","Stopped","Win32OwnProcess",,
"WPDBusEnum","System.ServiceProcess.ServiceController[]","False","False","False","Portable Device Enumerator Service","System.ServiceProcess.ServiceController[]",".","WPDBusEnum","System.ServiceProcess.ServiceController[]","SafeServiceHandle","Stopped","Win32ShareProcess",,
"WSService","System.ServiceProcess.ServiceController[]","False","False","False","Windows Store Service (WSService)","System.ServiceProcess.ServiceController[]",".","WSService","System.ServiceProcess.ServiceController[]",,"Stopped","Win32ShareProcess",,
"WTabletServicePro","System.ServiceProcess.ServiceController[]","False","True","True","Wacom Professional Service","System.ServiceProcess.ServiceController[]",".","WTabletServicePro","System.ServiceProcess.ServiceController[]","SafeServiceHandle","Running","Win32OwnProcess",,
"wuauserv","System.ServiceProcess.ServiceController[]","False","False","False","Windows Update","System.ServiceProcess.ServiceController[]",".","wuauserv","System.ServiceProcess.ServiceController[]","SafeServiceHandle","Stopped","Win32ShareProcess",,
"wudfsvc","System.ServiceProcess.ServiceController[]","False","False","False","Windows Driver Foundation - User-mode Driver Framework","System.ServiceProcess.ServiceController[]",".","wudfsvc","System.ServiceProcess.ServiceController[]","SafeServiceHandle","Stopped","Win32ShareProcess",,
