<?xml version="1.0"?>
<PAL PALVERSION="2.0" NAME="WindowsUpdate" DESCRIPTION="" CONTENTOWNERS="" FEEDBACKEMAILADDRESS="@" VERSION="1.0" LANGUAGE="English" LANGUAGECODE="en">
  <ANALYSIS NAME="Process Private Bytes" ENABLED="True" CATEGORY="Process" PRIMARYDATASOURCE="\Process(*)\Private Bytes" ID="{bf135d67-22c5-4839-b039-3b8c0e587cd8}" FROMALLCOUNTERSTATS="False">
    <DATASOURCE TYPE="CounterLog" NAME="\Process(*)\Private Bytes" COLLECTIONVARNAME="ProcessPrivateBytes" EXPRESSIONPATH="\Process(*)\Private Bytes" DATATYPE="integer">
      <EXCLUDE INSTANCE="_Total" />
    </DATASOURCE>
    <CHART CHARTTITLE="\Process(*)\Private Bytes" ISTHRESHOLDSADDED="False" DATASOURCE="\Process(*)\Private Bytes" CHARTLABELS="instance">
    </CHART>
    <THRESHOLD NAME="Increasing trend of more than 100 MB per hour - may not be accurate on counter logs of less than 1 hour" CONDITION="Warning" COLOR="Yellow" PRIORITY="51">
      <CODE><![CDATA[StaticThreshold -CollectionOfCounterInstances $ProcessPrivateBytes -Operator 'gt' -Threshold 100MB -IsTrendOnly $True]]></CODE>
    </THRESHOLD>
    <THRESHOLD NAME="More than 1 GB of system committed memory usage" CONDITION="Warning" COLOR="Yellow" PRIORITY="50">
      <DESCRIPTION><![CDATA[]]></DESCRIPTION>
      <CODE><![CDATA[StaticThreshold -CollectionOfCounterInstances $ProcessPrivateBytes -Operator 'gt' -Threshold 1GB]]></CODE>
    </THRESHOLD>
    <DESCRIPTION>
      <![CDATA[This analysis determines if one or more processes are leaking private, committed, memory over time. A process consuming large portions of memory is okay as long as the process returns the memory back to the system. Look for increasing trends in the chart. An increasing trend over a long period of time could indicate a system committed memory leak. Private Bytes is the current size, in bytes, of memory that this process has allocated that cannot be shared with other processes. This analysis checks for a 100 MB per hour increasing trend. Use this analysis in correlation with the <B>\Memory\Committed Bytes</B> performance counter.<BR>
<BR>
Use this analysis in correlation with the <B>\Memory\Committed Bytes</B>. If you suspect a memory leak condition, then install and use the Debug Diag tool. For more information on the Debug Diag Tool, see the references section.<BR>
<BR>
<B>References:</B><BR>
<BR>
Debug Diagnostic Tool v1.1 http://www.microsoft.com/downloads/details.aspx?FamilyID=28bd5941-c458-46f1-b24d-f60151d875a3&displaylang=en]]>
    </DESCRIPTION>
  </ANALYSIS>
  <ANALYSIS NAME="Process ID Process" ENABLED="True" CATEGORY="Process" PRIMARYDATASOURCE="\Process(*)\ID Process" ID="3a1afd8a-9143-41ad-bbe9-dbd03a6e2346" FROMALLCOUNTERSTATS="False">
    <DATASOURCE TYPE="CounterLog" NAME="\Process(*)\ID Process" COLLECTIONVARNAME="CollectionOfProcessIDProcess" EXPRESSIONPATH="\Process(*)\ID Process" TRENDVARNAME="TrendProcessIDProcess" DATATYPE="integer">
      <EXCLUDE INSTANCE="_Total" />
    </DATASOURCE>
    <CHART CHARTTITLE="\Process(*)\ID Process" ISTHRESHOLDSADDED="False" DATASOURCE="\Process(*)\ID Process" CHARTLABELS="instance" />
    <DESCRIPTION><![CDATA[ID Process is the unique identifier of this process. ID Process numbers are reused, so they only identify a process for the lifetime of that process.]]></DESCRIPTION>
  </ANALYSIS>  
</PAL>